{"means": {"add_jump": 0.6083181936153647, "add_turn_left": 0.7795529801324503, "around_right": 0.48277231655247743, "jump_around_right": 0.7853367433930094, "length": 0.1481186224489796, "opposite_right": 0.963941018766756, "right": 0.9006801707874094}, "stes": {"add_jump": 0.022076382976557275, "add_turn_left": 0.02317852707966065, "around_right": 0.021913522615641185, "jump_around_right": 0.023568237115192025, "length": 0.005385715813492785, "opposite_right": 0.0028045680500486054, "right": 0.014320103813987102}}