{"means": {"add_jump": 0.5842345070219453, "add_turn_left": 0.7762417218543046, "around_right": 0.43121338496673617, "jump_around_right": 0.879539641943734, "length": 0.1498469387755102, "opposite_right": 0.9742116685816418, "right": 0.9137622877569258}, "stes": {"add_jump": 0.023561541842969155, "add_turn_left": 0.019830971432677875, "around_right": 0.014162007565816877, "jump_around_right": 0.008996395692787458, "length": 0.0022107796940167707, "opposite_right": 0.0032324899346538, "right": 0.006766828954189195}}