{"means": {"add_jump": 0.6600311445626785, "add_turn_left": 0.8153973509933775, "around_right": 0.518717108529441, "jump_around_right": 0.6689400397840296, "length": 0.1735827664399093, "opposite_right": 0.9226740144970709, "right": 0.8467381590705987}, "stes": {"add_jump": 0.007893685855933471, "add_turn_left": 0.023224495978267982, "around_right": 0.019395080755142884, "jump_around_right": 0.017148946833582812, "length": 0.011004751418022226, "opposite_right": 0.00360525049515319, "right": 0.01638615632542492}}