{"means": {"add_jump": 0.6033772385154426, "add_turn_left": 0.83658940397351, "around_right": 0.4445263628239499, "jump_around_right": 0.9439897698209719, "length": 0.14916180758017492, "opposite_right": 0.9880597755932877, "right": 0.9095670737761891}, "stes": {"add_jump": 0.024800759522936252, "add_turn_left": 0.024002397435919035, "around_right": 0.019765693457495365, "jump_around_right": 0.006451065507892597, "length": 0.0021260536187294866, "opposite_right": 0.001813701186598995, "right": 0.01135587069367996}}