{"means": {"add_jump": 0.5682422787438359, "add_turn_left": 0.7906456953642385, "around_right": 0.4518064598493553, "jump_around_right": 0.9201477692526286, "length": 0.15220025510204083, "opposite_right": 0.9831694965743224, "right": 0.8785373845695561}, "stes": {"add_jump": 0.023385694049854255, "add_turn_left": 0.02532854215711833, "around_right": 0.018268239909014005, "jump_around_right": 0.005099277762127415, "length": 0.0033731570630707993, "opposite_right": 0.0017259202954789715, "right": 0.02331178916586368}}