{"means": {"add_jump": 0.6073910661245205, "add_turn_left": 0.8226637233259749, "around_right": 0.43883427663588526, "jump_around_right": 0.8974424552429667, "length": 0.1574936224489796, "opposite_right": 0.984159964253798, "right": 0.889633601429848}, "stes": {"add_jump": 0.02152684701077845, "add_turn_left": 0.024256687394934407, "around_right": 0.017099827308984298, "jump_around_right": 0.007666996128685929, "length": 0.0030919408877667564, "opposite_right": 0.0009192329316886673, "right": 0.013061681471016622}}