{"means": {"add_jump": 0.5441863483000259, "add_turn_left": 0.8271707137601179, "around_right": 0.4525692582663092, "jump_around_right": 0.9808184143222507, "length": 0.15119897959183673, "opposite_right": 0.9960281997815509, "right": 0.9502680965147452}, "stes": {"add_jump": 0.024941342312534812, "add_turn_left": 0.026235186982194514, "around_right": 0.0191499885352737, "jump_around_right": 0.004232202107588711, "length": 0.0026816187719020715, "opposite_right": 0.000991569998275262, "right": 0.005632083259190484}}