{"means": {"add_jump": 0.6243042939123915, "add_turn_left": 0.7824503311258278, "around_right": 0.48056300268096513, "jump_around_right": 0.8537936913895994, "length": 0.15415451895043733, "opposite_right": 0.9658921656240691, "right": 0.8875980538178929}, "stes": {"add_jump": 0.019293925951299477, "add_turn_left": 0.032954465197559686, "around_right": 0.01959445049555875, "jump_around_right": 0.009123303826975427, "length": 0.0036869641000839746, "opposite_right": 0.003118321665662234, "right": 0.01191309619076726}}