{"means": {"add_jump": 0.03453477809499092, "add_turn_left": 0.9443708609271523, "around_right": 0.320420017873101, "jump_around_right": 0.9992327365728901, "length": 0.11678004535147395, "opposite_right": 0.866448217654652, "right": 0.80875781948168}, "stes": {"add_jump": 0.006007488740210085, "add_turn_left": 0.010529723228499602, "around_right": 0.008112645622431757, "jump_around_right": 0.00022393734930201793, "length": 0.007827829130005171, "opposite_right": 0.029814178557618993, "right": 0.0403661497823088}}