{"means": {"add_jump": 0.029832453787813247, "add_turn_left": 0.9379139072847682, "around_right": 0.32109025915996425, "jump_around_right": 0.9988064791133846, "length": 0.11535714285714287, "opposite_right": 0.9046023235031277, "right": 0.8409070598748883}, "stes": {"add_jump": 0.007543418048778931, "add_turn_left": 0.008548563340016944, "around_right": 0.006526190955533764, "jump_around_right": 0.0005807122375422455, "length": 0.005678734159796764, "opposite_right": 0.031544963109422605, "right": 0.03414859368396034}}