{"means": {"add_jump": 0.5591097845834415, "add_turn_left": 0.7734271523178807, "around_right": 0.40721945614707006, "jump_around_right": 0.9728047740835464, "length": 0.15201530612244896, "opposite_right": 0.9934092940125112, "right": 0.9206434316353889}, "stes": {"add_jump": 0.02530578402423737, "add_turn_left": 0.03139154274588688, "around_right": 0.008282093823072222, "jump_around_right": 0.006613944584516653, "length": 0.003982280946500339, "opposite_right": 0.0012241973362642974, "right": 0.015875738560690772}}