{"means": {"add_jump": 0.03039839086426161, "add_turn_left": 0.956705298013245, "around_right": 0.31063449508489727, "jump_around_right": 0.9994316567206591, "length": 0.11137755102040814, "opposite_right": 0.8744911130970112, "right": 0.7522117962466488}, "stes": {"add_jump": 0.005527656750102995, "add_turn_left": 0.007675095627460459, "around_right": 0.007555429325666681, "jump_around_right": 0.00023202517218746935, "length": 0.005297309203548612, "opposite_right": 0.027349280714162923, "right": 0.05847141049756001}}