{"means": {"add_jump": 0.5833117051648067, "add_turn_left": 0.8112582781456954, "around_right": 0.4290288948465892, "jump_around_right": 0.9445012787723785, "length": 0.15532525510204082, "opposite_right": 0.988010128090557, "right": 0.9355451295799821}, "stes": {"add_jump": 0.02526731585995565, "add_turn_left": 0.036715792619207904, "around_right": 0.02098918273402922, "jump_around_right": 0.005500472239163127, "length": 0.002041034297591216, "opposite_right": 0.0015193271520305184, "right": 0.015473872894160483}}