{"means": {"add_jump": 0.6239726619949822, "add_turn_left": 0.8050036791758646, "around_right": 0.5068761791281898, "jump_around_right": 0.7412617220801365, "length": 0.1655102040816326, "opposite_right": 0.9431411974977658, "right": 0.8702710753649092}, "stes": {"add_jump": 0.010670461518463917, "add_turn_left": 0.025842809642448516, "around_right": 0.019587615996705793, "jump_around_right": 0.016789214840793973, "length": 0.009405332368817703, "opposite_right": 0.0021787710553252356, "right": 0.013916275606001975}}