{"means": {"add_jump": 0.6300285491824551, "add_turn_left": 0.8240066225165563, "around_right": 0.4663638169000099, "jump_around_right": 0.7657289002557546, "length": 0.16144770408163267, "opposite_right": 0.9464799920563995, "right": 0.8612321268990171}, "stes": {"add_jump": 0.013476784689304388, "add_turn_left": 0.01971770200774218, "around_right": 0.019754781610685865, "jump_around_right": 0.00698000982656046, "length": 0.0059255373191821085, "opposite_right": 0.004206305539906942, "right": 0.021146979944930526}}