{"means": {"add_jump": 0.5952245003893071, "add_turn_left": 0.8490066225165563, "around_right": 0.43473835766060964, "jump_around_right": 0.9832054560954816, "length": 0.1464285714285714, "opposite_right": 0.9934092940125112, "right": 0.9313126799721974}, "stes": {"add_jump": 0.02259213114355811, "add_turn_left": 0.022568903408869904, "around_right": 0.016270996469573196, "jump_around_right": 0.002660748092998731, "length": 0.002089034957915637, "opposite_right": 0.0010799230597504008, "right": 0.014494482397362264}}