{"means": {"add_jump": 0.02093174150012977, "add_turn_left": 0.93841059602649, "around_right": 0.33122331446728226, "jump_around_right": 0.9984844179217581, "length": 0.12489795918367345, "opposite_right": 0.8567917783735478, "right": 0.816443252904379}, "stes": {"add_jump": 0.004047838484746939, "add_turn_left": 0.014926486084898964, "around_right": 0.008596914258419781, "jump_around_right": 0.001233432792436276, "length": 0.002220179309934948, "opposite_right": 0.03416460317161681, "right": 0.043451365789449144}}