{"means": {"add_jump": 0.6273520633272774, "add_turn_left": 0.834519867549669, "around_right": 0.4503798033958891, "jump_around_right": 0.9627329192546583, "length": 0.14985422740524784, "opposite_right": 0.9906389633601428, "right": 0.9239499553172477}, "stes": {"add_jump": 0.027185736156295933, "add_turn_left": 0.028877430572118494, "around_right": 0.018975877763358, "jump_around_right": 0.0063135323907470816, "length": 0.0014657732892938268, "opposite_right": 0.0013425103816228443, "right": 0.007815919014775507}}