{"means": {"add_jump": 0.036967947054243444, "add_turn_left": 0.9670529801324503, "around_right": 0.2924932975871314, "jump_around_right": 0.9987212276214834, "length": 0.11561224489795915, "opposite_right": 0.8483690795352994, "right": 0.7024798927613941}, "stes": {"add_jump": 0.006533085086611451, "add_turn_left": 0.006632649532638881, "around_right": 0.009483370790226077, "jump_around_right": 0.00024854867411958293, "length": 0.005499304223151826, "opposite_right": 0.030058743000006768, "right": 0.05687579126116943}}