{"means": {"add_jump": 0.028691928367505844, "add_turn_left": 0.9516556291390728, "around_right": 0.33149016979445933, "jump_around_right": 0.9997442455242969, "length": 0.12799744897959184, "opposite_right": 0.8984584450402145, "right": 0.8213583556747095}, "stes": {"add_jump": 0.00457308094311477, "add_turn_left": 0.009312969094759224, "around_right": 0.0051421199409411285, "jump_around_right": 0.00012354114873136453, "length": 0.0016592360638708794, "opposite_right": 0.026231006880785973, "right": 0.04131954273448755}}